,Name,Price,Address
0,sageLA - Brand New,"$2,395 - $4,670","200 N Vermont Ave, Los Angeles, CA 90004"
1,Arya,"$4,050 - $4,200","10700 Tabor St, Los Angeles, CA 90034"
2,The Amara,"$3,145 - $3,330","11600 Santa Monica Blvd, Los Angeles, CA 90025"
3,888 at Grand Hope Park,"$2,435 - $4,350","888 S Hope St, Los Angeles, CA 90017"
4,The Residences at Lorenzo,Call for Rent,"325 W Adams Blvd, Los Angeles, CA 90007"
5,TENTEN WILSHIRE,"$2,750 - $4,095","1010 Wilshire Blvd, Los Angeles, CA 90017"
6,VOX,"$3,190 - $4,670","3333 S La Cienega Blvd, Los Angeles, CA 90016"
7,The BORA 3170,"$2,250 - $3,152","3170 W Olympic Blvd, Los Angeles, CA 90006"
8,Beaudry,"$2,925 - $7,994","960 W 7th St, Los Angeles, CA 90017"
9,Hallasan,"$3,523 - $4,358","696 S New Hampshire Ave, Los Angeles, CA 90005"
10,1223 Federal Ave,"$2,398","1223 Federal Ave, Los Angeles, CA 90025"
11,951 S. Oxford,"$1,598 - $1,698","951 S Oxford Ave, Los Angeles, CA 90006"
12,Park Wilshire,"$1,885 - $2,370","2424 Wilshire Blvd, Los Angeles, CA 90057"
13,Violet on Virgil,"$2,175 - $2,518","160 S Virgil Ave, Los Angeles, CA 90004"
14,Broadway Palace,"$2,057 - $4,044","1026 S Broadway, Los Angeles, CA 90015"
15,Linea,"$3,000 - $4,010","2435 S Sepulveda Blvd, Los Angeles, CA 90064"
16,The Landmark Los Angeles,"$5,080 - $7,990","11750 Wilshire Blvd, Los Angeles, CA 90025"
17,Circa LA,"$2,510 - $4,236","1200 S Figueroa St, Los Angeles, CA 90015"
18,Arrive Wakaba,"$2,474 - $3,324","232 E 2nd St, Los Angeles, CA 90012"
19,Ten Thousand,Call for Rent,"10000 Santa Monica Blvd, Los Angeles, CA 90067"
20,Archer,"$2,455 - $2,594","1718 N Las Palmas Ave, Los Angeles, CA 90028"
21,Lumina Hollywood,"$2,850 - $3,546","1522 Gordon St, Los Angeles, CA 90028"
22,URBANLUX FLEUR PREMIUM,"$2,350 - $2,950","1530 N Poinsettia Pl, Los Angeles, CA 90046"
23,Park Fifth,"$2,658 - $4,365","427 W 5th St, Los Angeles, CA 90013"
24,TENTEN Downtown,"$2,400 - $3,874","1027 Wilshire Blvd, Los Angeles, CA 90017"
25,Josephine DTLA,"$2,433 - $3,520","801 S Hope St, Los Angeles, CA 90017"
26,Nari Koreatown,"$2,160 - $3,520","3150 Wilshire Blvd, Los Angeles, CA 90010"
27,The Chadwick,"$1,672 - $3,468","209 S Westmoreland Ave, Los Angeles, CA 90004"
28,Palazzo East Apartments,"$3,110 - $4,182","348 S Hauser Blvd, Los Angeles, CA 90036"
29,Madrid,"$2,180 - $2,326","8655 Belford Ave, Los Angeles, CA 90045"
30,THEA at Metropolis,"$2,738 - $4,355","1000 W 8th St, Los Angeles, CA 90017"
31,AVA Toluca Hills,"$2,435 - $2,710","3600 Barham Blvd, Los Angeles, CA 90068"
32,Vision on Wilshire,"$4,503 - $5,073","6245 Wilshire Blvd, Los Angeles, CA 90048"
33,The Q Playa,"$2,681 - $4,811","5901-5921 Center Dr, Los Angeles, CA 90045"
34,Sentral DTLA at 732 S. Spring,"$2,425 - $4,150","732 S Spring St, Los Angeles, CA 90014"
35,ZEN Hollywood,"$3,750 - $3,995","1825 N Las Palmas Ave, Los Angeles, CA 90028"
36,&Pico,"$3,516 - $4,863","11916 W Pico Blvd, Los Angeles, CA 90064"
37,One Museum Square,"$4,040 - $5,750","640 S Curson Ave, Los Angeles, CA 90036"
38,The Gemma,"$2,585 - $2,750","3540 Wilshire Blvd, Los Angeles, CA 90010"
39,Ferrante,"$2,139 - $4,902","300 N Beaudry Ave, Los Angeles, CA 90012"
40,sageLA - Brand New,"$2,395 - $4,670","200 N Vermont Ave, Los Angeles, CA 90004"
41,Arya,"$4,050 - $4,200","10700 Tabor St, Los Angeles, CA 90034"
42,The Amara,"$3,145 - $3,330","11600 Santa Monica Blvd, Los Angeles, CA 90025"
43,888 at Grand Hope Park,"$2,435 - $4,350","888 S Hope St, Los Angeles, CA 90017"
44,The Residences at Lorenzo,Call for Rent,"325 W Adams Blvd, Los Angeles, CA 90007"
45,TENTEN WILSHIRE,"$2,750 - $4,095","1010 Wilshire Blvd, Los Angeles, CA 90017"
46,VOX,"$3,190 - $4,670","3333 S La Cienega Blvd, Los Angeles, CA 90016"
47,The BORA 3170,"$2,250 - $3,152","3170 W Olympic Blvd, Los Angeles, CA 90006"
48,Beaudry,"$2,925 - $7,994","960 W 7th St, Los Angeles, CA 90017"
49,Hallasan,"$3,523 - $4,358","696 S New Hampshire Ave, Los Angeles, CA 90005"
50,1223 Federal Ave,"$2,398","1223 Federal Ave, Los Angeles, CA 90025"
51,951 S. Oxford,"$1,598 - $1,698","951 S Oxford Ave, Los Angeles, CA 90006"
52,Park Wilshire,"$1,885 - $2,370","2424 Wilshire Blvd, Los Angeles, CA 90057"
53,Violet on Virgil,"$2,175 - $2,518","160 S Virgil Ave, Los Angeles, CA 90004"
54,Broadway Palace,"$2,057 - $4,044","1026 S Broadway, Los Angeles, CA 90015"
55,Linea,"$3,000 - $4,010","2435 S Sepulveda Blvd, Los Angeles, CA 90064"
56,The Landmark Los Angeles,"$5,080 - $7,990","11750 Wilshire Blvd, Los Angeles, CA 90025"
57,Circa LA,"$2,510 - $4,236","1200 S Figueroa St, Los Angeles, CA 90015"
58,Arrive Wakaba,"$2,474 - $3,324","232 E 2nd St, Los Angeles, CA 90012"
59,Ten Thousand,Call for Rent,"10000 Santa Monica Blvd, Los Angeles, CA 90067"
60,Archer,"$2,455 - $2,594","1718 N Las Palmas Ave, Los Angeles, CA 90028"
61,Lumina Hollywood,"$2,850 - $3,546","1522 Gordon St, Los Angeles, CA 90028"
62,URBANLUX FLEUR PREMIUM,"$2,350 - $2,950","1530 N Poinsettia Pl, Los Angeles, CA 90046"
63,Park Fifth,"$2,658 - $4,365","427 W 5th St, Los Angeles, CA 90013"
64,TENTEN Downtown,"$2,400 - $3,874","1027 Wilshire Blvd, Los Angeles, CA 90017"
65,Josephine DTLA,"$2,433 - $3,520","801 S Hope St, Los Angeles, CA 90017"
66,Nari Koreatown,"$2,160 - $3,520","3150 Wilshire Blvd, Los Angeles, CA 90010"
67,The Chadwick,"$1,672 - $3,468","209 S Westmoreland Ave, Los Angeles, CA 90004"
68,Palazzo East Apartments,"$3,110 - $4,182","348 S Hauser Blvd, Los Angeles, CA 90036"
69,Madrid,"$2,180 - $2,326","8655 Belford Ave, Los Angeles, CA 90045"
70,THEA at Metropolis,"$2,738 - $4,355","1000 W 8th St, Los Angeles, CA 90017"
71,AVA Toluca Hills,"$2,435 - $2,710","3600 Barham Blvd, Los Angeles, CA 90068"
72,Vision on Wilshire,"$4,503 - $5,073","6245 Wilshire Blvd, Los Angeles, CA 90048"
73,The Q Playa,"$2,681 - $4,811","5901-5921 Center Dr, Los Angeles, CA 90045"
74,Sentral DTLA at 732 S. Spring,"$2,425 - $4,150","732 S Spring St, Los Angeles, CA 90014"
75,ZEN Hollywood,"$3,750 - $3,995","1825 N Las Palmas Ave, Los Angeles, CA 90028"
76,&Pico,"$3,516 - $4,863","11916 W Pico Blvd, Los Angeles, CA 90064"
77,One Museum Square,"$4,040 - $5,750","640 S Curson Ave, Los Angeles, CA 90036"
78,The Gemma,"$2,585 - $2,750","3540 Wilshire Blvd, Los Angeles, CA 90010"
79,Ferrante,"$2,139 - $4,902","300 N Beaudry Ave, Los Angeles, CA 90012"
80,sageLA - Brand New,"$2,395 - $4,670","200 N Vermont Ave, Los Angeles, CA 90004"
81,Arya,"$4,050 - $4,200","10700 Tabor St, Los Angeles, CA 90034"
82,The Amara,"$3,145 - $3,330","11600 Santa Monica Blvd, Los Angeles, CA 90025"
83,888 at Grand Hope Park,"$2,435 - $4,350","888 S Hope St, Los Angeles, CA 90017"
84,The Residences at Lorenzo,Call for Rent,"325 W Adams Blvd, Los Angeles, CA 90007"
85,TENTEN WILSHIRE,"$2,750 - $4,095","1010 Wilshire Blvd, Los Angeles, CA 90017"
86,VOX,"$3,190 - $4,670","3333 S La Cienega Blvd, Los Angeles, CA 90016"
87,The BORA 3170,"$2,250 - $3,152","3170 W Olympic Blvd, Los Angeles, CA 90006"
88,Beaudry,"$2,925 - $7,994","960 W 7th St, Los Angeles, CA 90017"
89,Hallasan,"$3,523 - $4,358","696 S New Hampshire Ave, Los Angeles, CA 90005"
90,1223 Federal Ave,"$2,398","1223 Federal Ave, Los Angeles, CA 90025"
91,951 S. Oxford,"$1,598 - $1,698","951 S Oxford Ave, Los Angeles, CA 90006"
92,Park Wilshire,"$1,885 - $2,370","2424 Wilshire Blvd, Los Angeles, CA 90057"
93,Violet on Virgil,"$2,175 - $2,518","160 S Virgil Ave, Los Angeles, CA 90004"
94,Broadway Palace,"$2,057 - $4,044","1026 S Broadway, Los Angeles, CA 90015"
95,Linea,"$3,000 - $4,010","2435 S Sepulveda Blvd, Los Angeles, CA 90064"
96,The Landmark Los Angeles,"$5,080 - $7,990","11750 Wilshire Blvd, Los Angeles, CA 90025"
97,Circa LA,"$2,510 - $4,236","1200 S Figueroa St, Los Angeles, CA 90015"
98,Arrive Wakaba,"$2,474 - $3,324","232 E 2nd St, Los Angeles, CA 90012"
99,Ten Thousand,Call for Rent,"10000 Santa Monica Blvd, Los Angeles, CA 90067"
100,Archer,"$2,455 - $2,594","1718 N Las Palmas Ave, Los Angeles, CA 90028"
101,Lumina Hollywood,"$2,850 - $3,546","1522 Gordon St, Los Angeles, CA 90028"
102,URBANLUX FLEUR PREMIUM,"$2,350 - $2,950","1530 N Poinsettia Pl, Los Angeles, CA 90046"
103,Park Fifth,"$2,658 - $4,365","427 W 5th St, Los Angeles, CA 90013"
104,TENTEN Downtown,"$2,400 - $3,874","1027 Wilshire Blvd, Los Angeles, CA 90017"
105,Josephine DTLA,"$2,433 - $3,520","801 S Hope St, Los Angeles, CA 90017"
106,Nari Koreatown,"$2,160 - $3,520","3150 Wilshire Blvd, Los Angeles, CA 90010"
107,The Chadwick,"$1,672 - $3,468","209 S Westmoreland Ave, Los Angeles, CA 90004"
108,Palazzo East Apartments,"$3,110 - $4,182","348 S Hauser Blvd, Los Angeles, CA 90036"
109,Madrid,"$2,180 - $2,326","8655 Belford Ave, Los Angeles, CA 90045"
110,THEA at Metropolis,"$2,738 - $4,355","1000 W 8th St, Los Angeles, CA 90017"
111,AVA Toluca Hills,"$2,435 - $2,710","3600 Barham Blvd, Los Angeles, CA 90068"
112,Vision on Wilshire,"$4,503 - $5,073","6245 Wilshire Blvd, Los Angeles, CA 90048"
113,The Q Playa,"$2,681 - $4,811","5901-5921 Center Dr, Los Angeles, CA 90045"
114,Sentral DTLA at 732 S. Spring,"$2,425 - $4,150","732 S Spring St, Los Angeles, CA 90014"
115,ZEN Hollywood,"$3,750 - $3,995","1825 N Las Palmas Ave, Los Angeles, CA 90028"
116,&Pico,"$3,516 - $4,863","11916 W Pico Blvd, Los Angeles, CA 90064"
117,One Museum Square,"$4,040 - $5,750","640 S Curson Ave, Los Angeles, CA 90036"
118,The Gemma,"$2,585 - $2,750","3540 Wilshire Blvd, Los Angeles, CA 90010"
119,Ferrante,"$2,139 - $4,902","300 N Beaudry Ave, Los Angeles, CA 90012"
120,sageLA - Brand New,"$2,395 - $4,670","200 N Vermont Ave, Los Angeles, CA 90004"
121,Arya,"$4,050 - $4,200","10700 Tabor St, Los Angeles, CA 90034"
122,The Amara,"$3,145 - $3,330","11600 Santa Monica Blvd, Los Angeles, CA 90025"
123,888 at Grand Hope Park,"$2,435 - $4,350","888 S Hope St, Los Angeles, CA 90017"
124,The Residences at Lorenzo,Call for Rent,"325 W Adams Blvd, Los Angeles, CA 90007"
125,TENTEN WILSHIRE,"$2,750 - $4,095","1010 Wilshire Blvd, Los Angeles, CA 90017"
126,VOX,"$3,190 - $4,670","3333 S La Cienega Blvd, Los Angeles, CA 90016"
127,The BORA 3170,"$2,250 - $3,152","3170 W Olympic Blvd, Los Angeles, CA 90006"
128,Beaudry,"$2,925 - $7,994","960 W 7th St, Los Angeles, CA 90017"
129,Hallasan,"$3,523 - $4,358","696 S New Hampshire Ave, Los Angeles, CA 90005"
130,1223 Federal Ave,"$2,398","1223 Federal Ave, Los Angeles, CA 90025"
131,951 S. Oxford,"$1,598 - $1,698","951 S Oxford Ave, Los Angeles, CA 90006"
132,Park Wilshire,"$1,885 - $2,370","2424 Wilshire Blvd, Los Angeles, CA 90057"
133,Violet on Virgil,"$2,175 - $2,518","160 S Virgil Ave, Los Angeles, CA 90004"
134,Broadway Palace,"$2,057 - $4,044","1026 S Broadway, Los Angeles, CA 90015"
135,Linea,"$3,000 - $4,010","2435 S Sepulveda Blvd, Los Angeles, CA 90064"
136,The Landmark Los Angeles,"$5,080 - $7,990","11750 Wilshire Blvd, Los Angeles, CA 90025"
137,Circa LA,"$2,510 - $4,236","1200 S Figueroa St, Los Angeles, CA 90015"
138,Arrive Wakaba,"$2,474 - $3,324","232 E 2nd St, Los Angeles, CA 90012"
139,Ten Thousand,Call for Rent,"10000 Santa Monica Blvd, Los Angeles, CA 90067"
140,Archer,"$2,455 - $2,594","1718 N Las Palmas Ave, Los Angeles, CA 90028"
141,Lumina Hollywood,"$2,850 - $3,546","1522 Gordon St, Los Angeles, CA 90028"
142,URBANLUX FLEUR PREMIUM,"$2,350 - $2,950","1530 N Poinsettia Pl, Los Angeles, CA 90046"
143,Park Fifth,"$2,658 - $4,365","427 W 5th St, Los Angeles, CA 90013"
144,TENTEN Downtown,"$2,400 - $3,874","1027 Wilshire Blvd, Los Angeles, CA 90017"
145,Josephine DTLA,"$2,433 - $3,520","801 S Hope St, Los Angeles, CA 90017"
146,Nari Koreatown,"$2,160 - $3,520","3150 Wilshire Blvd, Los Angeles, CA 90010"
147,The Chadwick,"$1,672 - $3,468","209 S Westmoreland Ave, Los Angeles, CA 90004"
148,Palazzo East Apartments,"$3,110 - $4,182","348 S Hauser Blvd, Los Angeles, CA 90036"
149,Madrid,"$2,180 - $2,326","8655 Belford Ave, Los Angeles, CA 90045"
150,THEA at Metropolis,"$2,738 - $4,355","1000 W 8th St, Los Angeles, CA 90017"
151,AVA Toluca Hills,"$2,435 - $2,710","3600 Barham Blvd, Los Angeles, CA 90068"
152,Vision on Wilshire,"$4,503 - $5,073","6245 Wilshire Blvd, Los Angeles, CA 90048"
153,The Q Playa,"$2,681 - $4,811","5901-5921 Center Dr, Los Angeles, CA 90045"
154,Sentral DTLA at 732 S. Spring,"$2,425 - $4,150","732 S Spring St, Los Angeles, CA 90014"
155,ZEN Hollywood,"$3,750 - $3,995","1825 N Las Palmas Ave, Los Angeles, CA 90028"
156,&Pico,"$3,516 - $4,863","11916 W Pico Blvd, Los Angeles, CA 90064"
157,One Museum Square,"$4,040 - $5,750","640 S Curson Ave, Los Angeles, CA 90036"
158,The Gemma,"$2,585 - $2,750","3540 Wilshire Blvd, Los Angeles, CA 90010"
159,Ferrante,"$2,139 - $4,902","300 N Beaudry Ave, Los Angeles, CA 90012"
160,sageLA - Brand New,"$2,395 - $4,670","200 N Vermont Ave, Los Angeles, CA 90004"
161,Arya,"$4,050 - $4,200","10700 Tabor St, Los Angeles, CA 90034"
162,The Amara,"$3,145 - $3,330","11600 Santa Monica Blvd, Los Angeles, CA 90025"
163,888 at Grand Hope Park,"$2,435 - $4,350","888 S Hope St, Los Angeles, CA 90017"
164,The Residences at Lorenzo,Call for Rent,"325 W Adams Blvd, Los Angeles, CA 90007"
165,TENTEN WILSHIRE,"$2,750 - $4,095","1010 Wilshire Blvd, Los Angeles, CA 90017"
166,VOX,"$3,190 - $4,670","3333 S La Cienega Blvd, Los Angeles, CA 90016"
167,The BORA 3170,"$2,250 - $3,152","3170 W Olympic Blvd, Los Angeles, CA 90006"
168,Beaudry,"$2,925 - $7,994","960 W 7th St, Los Angeles, CA 90017"
169,Hallasan,"$3,523 - $4,358","696 S New Hampshire Ave, Los Angeles, CA 90005"
170,1223 Federal Ave,"$2,398","1223 Federal Ave, Los Angeles, CA 90025"
171,951 S. Oxford,"$1,598 - $1,698","951 S Oxford Ave, Los Angeles, CA 90006"
172,Park Wilshire,"$1,885 - $2,370","2424 Wilshire Blvd, Los Angeles, CA 90057"
173,Violet on Virgil,"$2,175 - $2,518","160 S Virgil Ave, Los Angeles, CA 90004"
174,Broadway Palace,"$2,057 - $4,044","1026 S Broadway, Los Angeles, CA 90015"
175,Linea,"$3,000 - $4,010","2435 S Sepulveda Blvd, Los Angeles, CA 90064"
176,The Landmark Los Angeles,"$5,080 - $7,990","11750 Wilshire Blvd, Los Angeles, CA 90025"
177,Circa LA,"$2,510 - $4,236","1200 S Figueroa St, Los Angeles, CA 90015"
178,Arrive Wakaba,"$2,474 - $3,324","232 E 2nd St, Los Angeles, CA 90012"
179,Ten Thousand,Call for Rent,"10000 Santa Monica Blvd, Los Angeles, CA 90067"
180,Archer,"$2,455 - $2,594","1718 N Las Palmas Ave, Los Angeles, CA 90028"
181,Lumina Hollywood,"$2,850 - $3,546","1522 Gordon St, Los Angeles, CA 90028"
182,URBANLUX FLEUR PREMIUM,"$2,350 - $2,950","1530 N Poinsettia Pl, Los Angeles, CA 90046"
183,Park Fifth,"$2,658 - $4,365","427 W 5th St, Los Angeles, CA 90013"
184,TENTEN Downtown,"$2,400 - $3,874","1027 Wilshire Blvd, Los Angeles, CA 90017"
185,Josephine DTLA,"$2,433 - $3,520","801 S Hope St, Los Angeles, CA 90017"
186,Nari Koreatown,"$2,160 - $3,520","3150 Wilshire Blvd, Los Angeles, CA 90010"
187,The Chadwick,"$1,672 - $3,468","209 S Westmoreland Ave, Los Angeles, CA 90004"
188,Palazzo East Apartments,"$3,110 - $4,182","348 S Hauser Blvd, Los Angeles, CA 90036"
189,Madrid,"$2,180 - $2,326","8655 Belford Ave, Los Angeles, CA 90045"
190,THEA at Metropolis,"$2,738 - $4,355","1000 W 8th St, Los Angeles, CA 90017"
191,AVA Toluca Hills,"$2,435 - $2,710","3600 Barham Blvd, Los Angeles, CA 90068"
192,Vision on Wilshire,"$4,503 - $5,073","6245 Wilshire Blvd, Los Angeles, CA 90048"
193,The Q Playa,"$2,681 - $4,811","5901-5921 Center Dr, Los Angeles, CA 90045"
194,Sentral DTLA at 732 S. Spring,"$2,425 - $4,150","732 S Spring St, Los Angeles, CA 90014"
195,ZEN Hollywood,"$3,750 - $3,995","1825 N Las Palmas Ave, Los Angeles, CA 90028"
196,&Pico,"$3,516 - $4,863","11916 W Pico Blvd, Los Angeles, CA 90064"
197,One Museum Square,"$4,040 - $5,750","640 S Curson Ave, Los Angeles, CA 90036"
198,The Gemma,"$2,585 - $2,750","3540 Wilshire Blvd, Los Angeles, CA 90010"
199,Ferrante,"$2,139 - $4,902","300 N Beaudry Ave, Los Angeles, CA 90012"
200,sageLA - Brand New,"$2,395 - $4,670","200 N Vermont Ave, Los Angeles, CA 90004"
201,Arya,"$4,050 - $4,200","10700 Tabor St, Los Angeles, CA 90034"
202,The Amara,"$3,145 - $3,330","11600 Santa Monica Blvd, Los Angeles, CA 90025"
203,888 at Grand Hope Park,"$2,435 - $4,350","888 S Hope St, Los Angeles, CA 90017"
204,The Residences at Lorenzo,Call for Rent,"325 W Adams Blvd, Los Angeles, CA 90007"
205,TENTEN WILSHIRE,"$2,750 - $4,095","1010 Wilshire Blvd, Los Angeles, CA 90017"
206,VOX,"$3,190 - $4,670","3333 S La Cienega Blvd, Los Angeles, CA 90016"
207,The BORA 3170,"$2,250 - $3,152","3170 W Olympic Blvd, Los Angeles, CA 90006"
208,Beaudry,"$2,925 - $7,994","960 W 7th St, Los Angeles, CA 90017"
209,Hallasan,"$3,523 - $4,358","696 S New Hampshire Ave, Los Angeles, CA 90005"
210,1223 Federal Ave,"$2,398","1223 Federal Ave, Los Angeles, CA 90025"
211,951 S. Oxford,"$1,598 - $1,698","951 S Oxford Ave, Los Angeles, CA 90006"
212,Park Wilshire,"$1,885 - $2,370","2424 Wilshire Blvd, Los Angeles, CA 90057"
213,Violet on Virgil,"$2,175 - $2,518","160 S Virgil Ave, Los Angeles, CA 90004"
214,Broadway Palace,"$2,057 - $4,044","1026 S Broadway, Los Angeles, CA 90015"
215,Linea,"$3,000 - $4,010","2435 S Sepulveda Blvd, Los Angeles, CA 90064"
216,The Landmark Los Angeles,"$5,080 - $7,990","11750 Wilshire Blvd, Los Angeles, CA 90025"
217,Circa LA,"$2,510 - $4,236","1200 S Figueroa St, Los Angeles, CA 90015"
218,Arrive Wakaba,"$2,474 - $3,324","232 E 2nd St, Los Angeles, CA 90012"
219,Ten Thousand,Call for Rent,"10000 Santa Monica Blvd, Los Angeles, CA 90067"
220,Archer,"$2,455 - $2,594","1718 N Las Palmas Ave, Los Angeles, CA 90028"
221,Lumina Hollywood,"$2,850 - $3,546","1522 Gordon St, Los Angeles, CA 90028"
222,URBANLUX FLEUR PREMIUM,"$2,350 - $2,950","1530 N Poinsettia Pl, Los Angeles, CA 90046"
223,Park Fifth,"$2,658 - $4,365","427 W 5th St, Los Angeles, CA 90013"
224,TENTEN Downtown,"$2,400 - $3,874","1027 Wilshire Blvd, Los Angeles, CA 90017"
225,Josephine DTLA,"$2,433 - $3,520","801 S Hope St, Los Angeles, CA 90017"
226,Nari Koreatown,"$2,160 - $3,520","3150 Wilshire Blvd, Los Angeles, CA 90010"
227,The Chadwick,"$1,672 - $3,468","209 S Westmoreland Ave, Los Angeles, CA 90004"
228,Palazzo East Apartments,"$3,110 - $4,182","348 S Hauser Blvd, Los Angeles, CA 90036"
229,Madrid,"$2,180 - $2,326","8655 Belford Ave, Los Angeles, CA 90045"
230,THEA at Metropolis,"$2,738 - $4,355","1000 W 8th St, Los Angeles, CA 90017"
231,AVA Toluca Hills,"$2,435 - $2,710","3600 Barham Blvd, Los Angeles, CA 90068"
232,Vision on Wilshire,"$4,503 - $5,073","6245 Wilshire Blvd, Los Angeles, CA 90048"
233,The Q Playa,"$2,681 - $4,811","5901-5921 Center Dr, Los Angeles, CA 90045"
234,Sentral DTLA at 732 S. Spring,"$2,425 - $4,150","732 S Spring St, Los Angeles, CA 90014"
235,ZEN Hollywood,"$3,750 - $3,995","1825 N Las Palmas Ave, Los Angeles, CA 90028"
236,&Pico,"$3,516 - $4,863","11916 W Pico Blvd, Los Angeles, CA 90064"
237,One Museum Square,"$4,040 - $5,750","640 S Curson Ave, Los Angeles, CA 90036"
238,The Gemma,"$2,585 - $2,750","3540 Wilshire Blvd, Los Angeles, CA 90010"
239,Ferrante,"$2,139 - $4,902","300 N Beaudry Ave, Los Angeles, CA 90012"
240,sageLA - Brand New,"$2,395 - $4,670","200 N Vermont Ave, Los Angeles, CA 90004"
241,Arya,"$4,050 - $4,200","10700 Tabor St, Los Angeles, CA 90034"
242,The Amara,"$3,145 - $3,330","11600 Santa Monica Blvd, Los Angeles, CA 90025"
243,888 at Grand Hope Park,"$2,435 - $4,350","888 S Hope St, Los Angeles, CA 90017"
244,The Residences at Lorenzo,Call for Rent,"325 W Adams Blvd, Los Angeles, CA 90007"
245,TENTEN WILSHIRE,"$2,750 - $4,095","1010 Wilshire Blvd, Los Angeles, CA 90017"
246,VOX,"$3,190 - $4,670","3333 S La Cienega Blvd, Los Angeles, CA 90016"
247,The BORA 3170,"$2,250 - $3,152","3170 W Olympic Blvd, Los Angeles, CA 90006"
248,Beaudry,"$2,925 - $7,994","960 W 7th St, Los Angeles, CA 90017"
249,Hallasan,"$3,523 - $4,358","696 S New Hampshire Ave, Los Angeles, CA 90005"
250,1223 Federal Ave,"$2,398","1223 Federal Ave, Los Angeles, CA 90025"
251,951 S. Oxford,"$1,598 - $1,698","951 S Oxford Ave, Los Angeles, CA 90006"
252,Park Wilshire,"$1,885 - $2,370","2424 Wilshire Blvd, Los Angeles, CA 90057"
253,Violet on Virgil,"$2,175 - $2,518","160 S Virgil Ave, Los Angeles, CA 90004"
254,Broadway Palace,"$2,057 - $4,044","1026 S Broadway, Los Angeles, CA 90015"
255,Linea,"$3,000 - $4,010","2435 S Sepulveda Blvd, Los Angeles, CA 90064"
256,The Landmark Los Angeles,"$5,080 - $7,990","11750 Wilshire Blvd, Los Angeles, CA 90025"
257,Circa LA,"$2,510 - $4,236","1200 S Figueroa St, Los Angeles, CA 90015"
258,Arrive Wakaba,"$2,474 - $3,324","232 E 2nd St, Los Angeles, CA 90012"
259,Ten Thousand,Call for Rent,"10000 Santa Monica Blvd, Los Angeles, CA 90067"
260,Archer,"$2,455 - $2,594","1718 N Las Palmas Ave, Los Angeles, CA 90028"
261,Lumina Hollywood,"$2,850 - $3,546","1522 Gordon St, Los Angeles, CA 90028"
262,URBANLUX FLEUR PREMIUM,"$2,350 - $2,950","1530 N Poinsettia Pl, Los Angeles, CA 90046"
263,Park Fifth,"$2,658 - $4,365","427 W 5th St, Los Angeles, CA 90013"
264,TENTEN Downtown,"$2,400 - $3,874","1027 Wilshire Blvd, Los Angeles, CA 90017"
265,Josephine DTLA,"$2,433 - $3,520","801 S Hope St, Los Angeles, CA 90017"
266,Nari Koreatown,"$2,160 - $3,520","3150 Wilshire Blvd, Los Angeles, CA 90010"
267,The Chadwick,"$1,672 - $3,468","209 S Westmoreland Ave, Los Angeles, CA 90004"
268,Palazzo East Apartments,"$3,110 - $4,182","348 S Hauser Blvd, Los Angeles, CA 90036"
269,Madrid,"$2,180 - $2,326","8655 Belford Ave, Los Angeles, CA 90045"
270,THEA at Metropolis,"$2,738 - $4,355","1000 W 8th St, Los Angeles, CA 90017"
271,AVA Toluca Hills,"$2,435 - $2,710","3600 Barham Blvd, Los Angeles, CA 90068"
272,Vision on Wilshire,"$4,503 - $5,073","6245 Wilshire Blvd, Los Angeles, CA 90048"
273,The Q Playa,"$2,681 - $4,811","5901-5921 Center Dr, Los Angeles, CA 90045"
274,Sentral DTLA at 732 S. Spring,"$2,425 - $4,150","732 S Spring St, Los Angeles, CA 90014"
275,ZEN Hollywood,"$3,750 - $3,995","1825 N Las Palmas Ave, Los Angeles, CA 90028"
276,&Pico,"$3,516 - $4,863","11916 W Pico Blvd, Los Angeles, CA 90064"
277,One Museum Square,"$4,040 - $5,750","640 S Curson Ave, Los Angeles, CA 90036"
278,The Gemma,"$2,585 - $2,750","3540 Wilshire Blvd, Los Angeles, CA 90010"
279,Ferrante,"$2,139 - $4,902","300 N Beaudry Ave, Los Angeles, CA 90012"
280,sageLA - Brand New,"$2,395 - $4,670","200 N Vermont Ave, Los Angeles, CA 90004"
281,Arya,"$4,050 - $4,200","10700 Tabor St, Los Angeles, CA 90034"
282,The Amara,"$3,145 - $3,330","11600 Santa Monica Blvd, Los Angeles, CA 90025"
283,888 at Grand Hope Park,"$2,435 - $4,350","888 S Hope St, Los Angeles, CA 90017"
284,The Residences at Lorenzo,Call for Rent,"325 W Adams Blvd, Los Angeles, CA 90007"
285,TENTEN WILSHIRE,"$2,750 - $4,095","1010 Wilshire Blvd, Los Angeles, CA 90017"
286,VOX,"$3,190 - $4,670","3333 S La Cienega Blvd, Los Angeles, CA 90016"
287,The BORA 3170,"$2,250 - $3,152","3170 W Olympic Blvd, Los Angeles, CA 90006"
288,Beaudry,"$2,925 - $7,994","960 W 7th St, Los Angeles, CA 90017"
289,Hallasan,"$3,523 - $4,358","696 S New Hampshire Ave, Los Angeles, CA 90005"
290,1223 Federal Ave,"$2,398","1223 Federal Ave, Los Angeles, CA 90025"
291,951 S. Oxford,"$1,598 - $1,698","951 S Oxford Ave, Los Angeles, CA 90006"
292,Park Wilshire,"$1,885 - $2,370","2424 Wilshire Blvd, Los Angeles, CA 90057"
293,Violet on Virgil,"$2,175 - $2,518","160 S Virgil Ave, Los Angeles, CA 90004"
294,Broadway Palace,"$2,057 - $4,044","1026 S Broadway, Los Angeles, CA 90015"
295,Linea,"$3,000 - $4,010","2435 S Sepulveda Blvd, Los Angeles, CA 90064"
296,The Landmark Los Angeles,"$5,080 - $7,990","11750 Wilshire Blvd, Los Angeles, CA 90025"
297,Circa LA,"$2,510 - $4,236","1200 S Figueroa St, Los Angeles, CA 90015"
298,Arrive Wakaba,"$2,474 - $3,324","232 E 2nd St, Los Angeles, CA 90012"
299,Ten Thousand,Call for Rent,"10000 Santa Monica Blvd, Los Angeles, CA 90067"
300,Archer,"$2,455 - $2,594","1718 N Las Palmas Ave, Los Angeles, CA 90028"
301,Lumina Hollywood,"$2,850 - $3,546","1522 Gordon St, Los Angeles, CA 90028"
302,URBANLUX FLEUR PREMIUM,"$2,350 - $2,950","1530 N Poinsettia Pl, Los Angeles, CA 90046"
303,Park Fifth,"$2,658 - $4,365","427 W 5th St, Los Angeles, CA 90013"
304,TENTEN Downtown,"$2,400 - $3,874","1027 Wilshire Blvd, Los Angeles, CA 90017"
305,Josephine DTLA,"$2,433 - $3,520","801 S Hope St, Los Angeles, CA 90017"
306,Nari Koreatown,"$2,160 - $3,520","3150 Wilshire Blvd, Los Angeles, CA 90010"
307,The Chadwick,"$1,672 - $3,468","209 S Westmoreland Ave, Los Angeles, CA 90004"
308,Palazzo East Apartments,"$3,110 - $4,182","348 S Hauser Blvd, Los Angeles, CA 90036"
309,Madrid,"$2,180 - $2,326","8655 Belford Ave, Los Angeles, CA 90045"
310,THEA at Metropolis,"$2,738 - $4,355","1000 W 8th St, Los Angeles, CA 90017"
311,AVA Toluca Hills,"$2,435 - $2,710","3600 Barham Blvd, Los Angeles, CA 90068"
312,Vision on Wilshire,"$4,503 - $5,073","6245 Wilshire Blvd, Los Angeles, CA 90048"
313,The Q Playa,"$2,681 - $4,811","5901-5921 Center Dr, Los Angeles, CA 90045"
314,Sentral DTLA at 732 S. Spring,"$2,425 - $4,150","732 S Spring St, Los Angeles, CA 90014"
315,ZEN Hollywood,"$3,750 - $3,995","1825 N Las Palmas Ave, Los Angeles, CA 90028"
316,&Pico,"$3,516 - $4,863","11916 W Pico Blvd, Los Angeles, CA 90064"
317,One Museum Square,"$4,040 - $5,750","640 S Curson Ave, Los Angeles, CA 90036"
318,The Gemma,"$2,585 - $2,750","3540 Wilshire Blvd, Los Angeles, CA 90010"
319,Ferrante,"$2,139 - $4,902","300 N Beaudry Ave, Los Angeles, CA 90012"
320,sageLA - Brand New,"$2,395 - $4,670","200 N Vermont Ave, Los Angeles, CA 90004"
321,Arya,"$4,050 - $4,200","10700 Tabor St, Los Angeles, CA 90034"
322,The Amara,"$3,145 - $3,330","11600 Santa Monica Blvd, Los Angeles, CA 90025"
323,888 at Grand Hope Park,"$2,435 - $4,350","888 S Hope St, Los Angeles, CA 90017"
324,The Residences at Lorenzo,Call for Rent,"325 W Adams Blvd, Los Angeles, CA 90007"
325,TENTEN WILSHIRE,"$2,750 - $4,095","1010 Wilshire Blvd, Los Angeles, CA 90017"
326,VOX,"$3,190 - $4,670","3333 S La Cienega Blvd, Los Angeles, CA 90016"
327,The BORA 3170,"$2,250 - $3,152","3170 W Olympic Blvd, Los Angeles, CA 90006"
328,Beaudry,"$2,925 - $7,994","960 W 7th St, Los Angeles, CA 90017"
329,Hallasan,"$3,523 - $4,358","696 S New Hampshire Ave, Los Angeles, CA 90005"
330,1223 Federal Ave,"$2,398","1223 Federal Ave, Los Angeles, CA 90025"
331,951 S. Oxford,"$1,598 - $1,698","951 S Oxford Ave, Los Angeles, CA 90006"
332,Park Wilshire,"$1,885 - $2,370","2424 Wilshire Blvd, Los Angeles, CA 90057"
333,Violet on Virgil,"$2,175 - $2,518","160 S Virgil Ave, Los Angeles, CA 90004"
334,Broadway Palace,"$2,057 - $4,044","1026 S Broadway, Los Angeles, CA 90015"
335,Linea,"$3,000 - $4,010","2435 S Sepulveda Blvd, Los Angeles, CA 90064"
336,The Landmark Los Angeles,"$5,080 - $7,990","11750 Wilshire Blvd, Los Angeles, CA 90025"
337,Circa LA,"$2,510 - $4,236","1200 S Figueroa St, Los Angeles, CA 90015"
338,Arrive Wakaba,"$2,474 - $3,324","232 E 2nd St, Los Angeles, CA 90012"
339,Ten Thousand,Call for Rent,"10000 Santa Monica Blvd, Los Angeles, CA 90067"
340,Archer,"$2,455 - $2,594","1718 N Las Palmas Ave, Los Angeles, CA 90028"
341,Lumina Hollywood,"$2,850 - $3,546","1522 Gordon St, Los Angeles, CA 90028"
342,URBANLUX FLEUR PREMIUM,"$2,350 - $2,950","1530 N Poinsettia Pl, Los Angeles, CA 90046"
343,Park Fifth,"$2,658 - $4,365","427 W 5th St, Los Angeles, CA 90013"
344,TENTEN Downtown,"$2,400 - $3,874","1027 Wilshire Blvd, Los Angeles, CA 90017"
345,Josephine DTLA,"$2,433 - $3,520","801 S Hope St, Los Angeles, CA 90017"
346,Nari Koreatown,"$2,160 - $3,520","3150 Wilshire Blvd, Los Angeles, CA 90010"
347,The Chadwick,"$1,672 - $3,468","209 S Westmoreland Ave, Los Angeles, CA 90004"
348,Palazzo East Apartments,"$3,110 - $4,182","348 S Hauser Blvd, Los Angeles, CA 90036"
349,Madrid,"$2,180 - $2,326","8655 Belford Ave, Los Angeles, CA 90045"
350,THEA at Metropolis,"$2,738 - $4,355","1000 W 8th St, Los Angeles, CA 90017"
351,AVA Toluca Hills,"$2,435 - $2,710","3600 Barham Blvd, Los Angeles, CA 90068"
352,Vision on Wilshire,"$4,503 - $5,073","6245 Wilshire Blvd, Los Angeles, CA 90048"
353,The Q Playa,"$2,681 - $4,811","5901-5921 Center Dr, Los Angeles, CA 90045"
354,Sentral DTLA at 732 S. Spring,"$2,425 - $4,150","732 S Spring St, Los Angeles, CA 90014"
355,ZEN Hollywood,"$3,750 - $3,995","1825 N Las Palmas Ave, Los Angeles, CA 90028"
356,&Pico,"$3,516 - $4,863","11916 W Pico Blvd, Los Angeles, CA 90064"
357,One Museum Square,"$4,040 - $5,750","640 S Curson Ave, Los Angeles, CA 90036"
358,The Gemma,"$2,585 - $2,750","3540 Wilshire Blvd, Los Angeles, CA 90010"
359,Ferrante,"$2,139 - $4,902","300 N Beaudry Ave, Los Angeles, CA 90012"
360,sageLA - Brand New,"$2,395 - $4,670","200 N Vermont Ave, Los Angeles, CA 90004"
361,Arya,"$4,050 - $4,200","10700 Tabor St, Los Angeles, CA 90034"
362,The Amara,"$3,145 - $3,330","11600 Santa Monica Blvd, Los Angeles, CA 90025"
363,888 at Grand Hope Park,"$2,435 - $4,350","888 S Hope St, Los Angeles, CA 90017"
364,The Residences at Lorenzo,Call for Rent,"325 W Adams Blvd, Los Angeles, CA 90007"
365,TENTEN WILSHIRE,"$2,750 - $4,095","1010 Wilshire Blvd, Los Angeles, CA 90017"
366,VOX,"$3,190 - $4,670","3333 S La Cienega Blvd, Los Angeles, CA 90016"
367,The BORA 3170,"$2,250 - $3,152","3170 W Olympic Blvd, Los Angeles, CA 90006"
368,Beaudry,"$2,925 - $7,994","960 W 7th St, Los Angeles, CA 90017"
369,Hallasan,"$3,523 - $4,358","696 S New Hampshire Ave, Los Angeles, CA 90005"
370,1223 Federal Ave,"$2,398","1223 Federal Ave, Los Angeles, CA 90025"
371,951 S. Oxford,"$1,598 - $1,698","951 S Oxford Ave, Los Angeles, CA 90006"
372,Park Wilshire,"$1,885 - $2,370","2424 Wilshire Blvd, Los Angeles, CA 90057"
373,Violet on Virgil,"$2,175 - $2,518","160 S Virgil Ave, Los Angeles, CA 90004"
374,Broadway Palace,"$2,057 - $4,044","1026 S Broadway, Los Angeles, CA 90015"
375,Linea,"$3,000 - $4,010","2435 S Sepulveda Blvd, Los Angeles, CA 90064"
376,The Landmark Los Angeles,"$5,080 - $7,990","11750 Wilshire Blvd, Los Angeles, CA 90025"
377,Circa LA,"$2,510 - $4,236","1200 S Figueroa St, Los Angeles, CA 90015"
378,Arrive Wakaba,"$2,474 - $3,324","232 E 2nd St, Los Angeles, CA 90012"
379,Ten Thousand,Call for Rent,"10000 Santa Monica Blvd, Los Angeles, CA 90067"
380,Archer,"$2,455 - $2,594","1718 N Las Palmas Ave, Los Angeles, CA 90028"
381,Lumina Hollywood,"$2,850 - $3,546","1522 Gordon St, Los Angeles, CA 90028"
382,URBANLUX FLEUR PREMIUM,"$2,350 - $2,950","1530 N Poinsettia Pl, Los Angeles, CA 90046"
383,Park Fifth,"$2,658 - $4,365","427 W 5th St, Los Angeles, CA 90013"
384,TENTEN Downtown,"$2,400 - $3,874","1027 Wilshire Blvd, Los Angeles, CA 90017"
385,Josephine DTLA,"$2,433 - $3,520","801 S Hope St, Los Angeles, CA 90017"
386,Nari Koreatown,"$2,160 - $3,520","3150 Wilshire Blvd, Los Angeles, CA 90010"
387,The Chadwick,"$1,672 - $3,468","209 S Westmoreland Ave, Los Angeles, CA 90004"
388,Palazzo East Apartments,"$3,110 - $4,182","348 S Hauser Blvd, Los Angeles, CA 90036"
389,Madrid,"$2,180 - $2,326","8655 Belford Ave, Los Angeles, CA 90045"
390,THEA at Metropolis,"$2,738 - $4,355","1000 W 8th St, Los Angeles, CA 90017"
391,AVA Toluca Hills,"$2,435 - $2,710","3600 Barham Blvd, Los Angeles, CA 90068"
392,Vision on Wilshire,"$4,503 - $5,073","6245 Wilshire Blvd, Los Angeles, CA 90048"
393,The Q Playa,"$2,681 - $4,811","5901-5921 Center Dr, Los Angeles, CA 90045"
394,Sentral DTLA at 732 S. Spring,"$2,425 - $4,150","732 S Spring St, Los Angeles, CA 90014"
395,ZEN Hollywood,"$3,750 - $3,995","1825 N Las Palmas Ave, Los Angeles, CA 90028"
396,&Pico,"$3,516 - $4,863","11916 W Pico Blvd, Los Angeles, CA 90064"
397,One Museum Square,"$4,040 - $5,750","640 S Curson Ave, Los Angeles, CA 90036"
398,The Gemma,"$2,585 - $2,750","3540 Wilshire Blvd, Los Angeles, CA 90010"
399,Ferrante,"$2,139 - $4,902","300 N Beaudry Ave, Los Angeles, CA 90012"
400,sageLA - Brand New,"$2,395 - $4,670","200 N Vermont Ave, Los Angeles, CA 90004"
401,Arya,"$4,050 - $4,200","10700 Tabor St, Los Angeles, CA 90034"
402,The Amara,"$3,145 - $3,330","11600 Santa Monica Blvd, Los Angeles, CA 90025"
403,888 at Grand Hope Park,"$2,435 - $4,350","888 S Hope St, Los Angeles, CA 90017"
404,The Residences at Lorenzo,Call for Rent,"325 W Adams Blvd, Los Angeles, CA 90007"
405,TENTEN WILSHIRE,"$2,750 - $4,095","1010 Wilshire Blvd, Los Angeles, CA 90017"
406,VOX,"$3,190 - $4,670","3333 S La Cienega Blvd, Los Angeles, CA 90016"
407,The BORA 3170,"$2,250 - $3,152","3170 W Olympic Blvd, Los Angeles, CA 90006"
408,Beaudry,"$2,925 - $7,994","960 W 7th St, Los Angeles, CA 90017"
409,Hallasan,"$3,523 - $4,358","696 S New Hampshire Ave, Los Angeles, CA 90005"
410,1223 Federal Ave,"$2,398","1223 Federal Ave, Los Angeles, CA 90025"
411,951 S. Oxford,"$1,598 - $1,698","951 S Oxford Ave, Los Angeles, CA 90006"
412,Park Wilshire,"$1,885 - $2,370","2424 Wilshire Blvd, Los Angeles, CA 90057"
413,Violet on Virgil,"$2,175 - $2,518","160 S Virgil Ave, Los Angeles, CA 90004"
414,Broadway Palace,"$2,057 - $4,044","1026 S Broadway, Los Angeles, CA 90015"
415,Linea,"$3,000 - $4,010","2435 S Sepulveda Blvd, Los Angeles, CA 90064"
416,The Landmark Los Angeles,"$5,080 - $7,990","11750 Wilshire Blvd, Los Angeles, CA 90025"
417,Circa LA,"$2,510 - $4,236","1200 S Figueroa St, Los Angeles, CA 90015"
418,Arrive Wakaba,"$2,474 - $3,324","232 E 2nd St, Los Angeles, CA 90012"
419,Ten Thousand,Call for Rent,"10000 Santa Monica Blvd, Los Angeles, CA 90067"
420,Archer,"$2,455 - $2,594","1718 N Las Palmas Ave, Los Angeles, CA 90028"
421,Lumina Hollywood,"$2,850 - $3,546","1522 Gordon St, Los Angeles, CA 90028"
422,URBANLUX FLEUR PREMIUM,"$2,350 - $2,950","1530 N Poinsettia Pl, Los Angeles, CA 90046"
423,Park Fifth,"$2,658 - $4,365","427 W 5th St, Los Angeles, CA 90013"
424,TENTEN Downtown,"$2,400 - $3,874","1027 Wilshire Blvd, Los Angeles, CA 90017"
425,Josephine DTLA,"$2,433 - $3,520","801 S Hope St, Los Angeles, CA 90017"
426,Nari Koreatown,"$2,160 - $3,520","3150 Wilshire Blvd, Los Angeles, CA 90010"
427,The Chadwick,"$1,672 - $3,468","209 S Westmoreland Ave, Los Angeles, CA 90004"
428,Palazzo East Apartments,"$3,110 - $4,182","348 S Hauser Blvd, Los Angeles, CA 90036"
429,Madrid,"$2,180 - $2,326","8655 Belford Ave, Los Angeles, CA 90045"
430,THEA at Metropolis,"$2,738 - $4,355","1000 W 8th St, Los Angeles, CA 90017"
431,AVA Toluca Hills,"$2,435 - $2,710","3600 Barham Blvd, Los Angeles, CA 90068"
432,Vision on Wilshire,"$4,503 - $5,073","6245 Wilshire Blvd, Los Angeles, CA 90048"
433,The Q Playa,"$2,681 - $4,811","5901-5921 Center Dr, Los Angeles, CA 90045"
434,Sentral DTLA at 732 S. Spring,"$2,425 - $4,150","732 S Spring St, Los Angeles, CA 90014"
435,ZEN Hollywood,"$3,750 - $3,995","1825 N Las Palmas Ave, Los Angeles, CA 90028"
436,&Pico,"$3,516 - $4,863","11916 W Pico Blvd, Los Angeles, CA 90064"
437,One Museum Square,"$4,040 - $5,750","640 S Curson Ave, Los Angeles, CA 90036"
438,The Gemma,"$2,585 - $2,750","3540 Wilshire Blvd, Los Angeles, CA 90010"
439,Ferrante,"$2,139 - $4,902","300 N Beaudry Ave, Los Angeles, CA 90012"
440,sageLA - Brand New,"$2,395 - $4,670","200 N Vermont Ave, Los Angeles, CA 90004"
441,Arya,"$4,050 - $4,200","10700 Tabor St, Los Angeles, CA 90034"
442,The Amara,"$3,145 - $3,330","11600 Santa Monica Blvd, Los Angeles, CA 90025"
443,888 at Grand Hope Park,"$2,435 - $4,350","888 S Hope St, Los Angeles, CA 90017"
444,The Residences at Lorenzo,Call for Rent,"325 W Adams Blvd, Los Angeles, CA 90007"
445,TENTEN WILSHIRE,"$2,750 - $4,095","1010 Wilshire Blvd, Los Angeles, CA 90017"
446,VOX,"$3,190 - $4,670","3333 S La Cienega Blvd, Los Angeles, CA 90016"
447,The BORA 3170,"$2,250 - $3,152","3170 W Olympic Blvd, Los Angeles, CA 90006"
448,Beaudry,"$2,925 - $7,994","960 W 7th St, Los Angeles, CA 90017"
449,Hallasan,"$3,523 - $4,358","696 S New Hampshire Ave, Los Angeles, CA 90005"
450,1223 Federal Ave,"$2,398","1223 Federal Ave, Los Angeles, CA 90025"
451,951 S. Oxford,"$1,598 - $1,698","951 S Oxford Ave, Los Angeles, CA 90006"
452,Park Wilshire,"$1,885 - $2,370","2424 Wilshire Blvd, Los Angeles, CA 90057"
453,Violet on Virgil,"$2,175 - $2,518","160 S Virgil Ave, Los Angeles, CA 90004"
454,Broadway Palace,"$2,057 - $4,044","1026 S Broadway, Los Angeles, CA 90015"
455,Linea,"$3,000 - $4,010","2435 S Sepulveda Blvd, Los Angeles, CA 90064"
456,The Landmark Los Angeles,"$5,080 - $7,990","11750 Wilshire Blvd, Los Angeles, CA 90025"
457,Circa LA,"$2,510 - $4,236","1200 S Figueroa St, Los Angeles, CA 90015"
458,Arrive Wakaba,"$2,474 - $3,324","232 E 2nd St, Los Angeles, CA 90012"
459,Ten Thousand,Call for Rent,"10000 Santa Monica Blvd, Los Angeles, CA 90067"
460,Archer,"$2,455 - $2,594","1718 N Las Palmas Ave, Los Angeles, CA 90028"
461,Lumina Hollywood,"$2,850 - $3,546","1522 Gordon St, Los Angeles, CA 90028"
462,URBANLUX FLEUR PREMIUM,"$2,350 - $2,950","1530 N Poinsettia Pl, Los Angeles, CA 90046"
463,Park Fifth,"$2,658 - $4,365","427 W 5th St, Los Angeles, CA 90013"
464,TENTEN Downtown,"$2,400 - $3,874","1027 Wilshire Blvd, Los Angeles, CA 90017"
465,Josephine DTLA,"$2,433 - $3,520","801 S Hope St, Los Angeles, CA 90017"
466,Nari Koreatown,"$2,160 - $3,520","3150 Wilshire Blvd, Los Angeles, CA 90010"
467,The Chadwick,"$1,672 - $3,468","209 S Westmoreland Ave, Los Angeles, CA 90004"
468,Palazzo East Apartments,"$3,110 - $4,182","348 S Hauser Blvd, Los Angeles, CA 90036"
469,Madrid,"$2,180 - $2,326","8655 Belford Ave, Los Angeles, CA 90045"
470,THEA at Metropolis,"$2,738 - $4,355","1000 W 8th St, Los Angeles, CA 90017"
471,AVA Toluca Hills,"$2,435 - $2,710","3600 Barham Blvd, Los Angeles, CA 90068"
472,Vision on Wilshire,"$4,503 - $5,073","6245 Wilshire Blvd, Los Angeles, CA 90048"
473,The Q Playa,"$2,681 - $4,811","5901-5921 Center Dr, Los Angeles, CA 90045"
474,Sentral DTLA at 732 S. Spring,"$2,425 - $4,150","732 S Spring St, Los Angeles, CA 90014"
475,ZEN Hollywood,"$3,750 - $3,995","1825 N Las Palmas Ave, Los Angeles, CA 90028"
476,&Pico,"$3,516 - $4,863","11916 W Pico Blvd, Los Angeles, CA 90064"
477,One Museum Square,"$4,040 - $5,750","640 S Curson Ave, Los Angeles, CA 90036"
478,The Gemma,"$2,585 - $2,750","3540 Wilshire Blvd, Los Angeles, CA 90010"
479,Ferrante,"$2,139 - $4,902","300 N Beaudry Ave, Los Angeles, CA 90012"
480,sageLA - Brand New,"$2,395 - $4,670","200 N Vermont Ave, Los Angeles, CA 90004"
481,Arya,"$4,050 - $4,200","10700 Tabor St, Los Angeles, CA 90034"
482,The Amara,"$3,145 - $3,330","11600 Santa Monica Blvd, Los Angeles, CA 90025"
483,888 at Grand Hope Park,"$2,435 - $4,350","888 S Hope St, Los Angeles, CA 90017"
484,The Residences at Lorenzo,Call for Rent,"325 W Adams Blvd, Los Angeles, CA 90007"
485,TENTEN WILSHIRE,"$2,750 - $4,095","1010 Wilshire Blvd, Los Angeles, CA 90017"
486,VOX,"$3,190 - $4,670","3333 S La Cienega Blvd, Los Angeles, CA 90016"
487,The BORA 3170,"$2,250 - $3,152","3170 W Olympic Blvd, Los Angeles, CA 90006"
488,Beaudry,"$2,925 - $7,994","960 W 7th St, Los Angeles, CA 90017"
489,Hallasan,"$3,523 - $4,358","696 S New Hampshire Ave, Los Angeles, CA 90005"
490,1223 Federal Ave,"$2,398","1223 Federal Ave, Los Angeles, CA 90025"
491,951 S. Oxford,"$1,598 - $1,698","951 S Oxford Ave, Los Angeles, CA 90006"
492,Park Wilshire,"$1,885 - $2,370","2424 Wilshire Blvd, Los Angeles, CA 90057"
493,Violet on Virgil,"$2,175 - $2,518","160 S Virgil Ave, Los Angeles, CA 90004"
494,Broadway Palace,"$2,057 - $4,044","1026 S Broadway, Los Angeles, CA 90015"
495,Linea,"$3,000 - $4,010","2435 S Sepulveda Blvd, Los Angeles, CA 90064"
496,The Landmark Los Angeles,"$5,080 - $7,990","11750 Wilshire Blvd, Los Angeles, CA 90025"
497,Circa LA,"$2,510 - $4,236","1200 S Figueroa St, Los Angeles, CA 90015"
498,Arrive Wakaba,"$2,474 - $3,324","232 E 2nd St, Los Angeles, CA 90012"
499,Ten Thousand,Call for Rent,"10000 Santa Monica Blvd, Los Angeles, CA 90067"
500,Archer,"$2,455 - $2,594","1718 N Las Palmas Ave, Los Angeles, CA 90028"
501,Lumina Hollywood,"$2,850 - $3,546","1522 Gordon St, Los Angeles, CA 90028"
502,URBANLUX FLEUR PREMIUM,"$2,350 - $2,950","1530 N Poinsettia Pl, Los Angeles, CA 90046"
503,Park Fifth,"$2,658 - $4,365","427 W 5th St, Los Angeles, CA 90013"
504,TENTEN Downtown,"$2,400 - $3,874","1027 Wilshire Blvd, Los Angeles, CA 90017"
505,Josephine DTLA,"$2,433 - $3,520","801 S Hope St, Los Angeles, CA 90017"
506,Nari Koreatown,"$2,160 - $3,520","3150 Wilshire Blvd, Los Angeles, CA 90010"
507,The Chadwick,"$1,672 - $3,468","209 S Westmoreland Ave, Los Angeles, CA 90004"
508,Palazzo East Apartments,"$3,110 - $4,182","348 S Hauser Blvd, Los Angeles, CA 90036"
509,Madrid,"$2,180 - $2,326","8655 Belford Ave, Los Angeles, CA 90045"
510,THEA at Metropolis,"$2,738 - $4,355","1000 W 8th St, Los Angeles, CA 90017"
511,AVA Toluca Hills,"$2,435 - $2,710","3600 Barham Blvd, Los Angeles, CA 90068"
512,Vision on Wilshire,"$4,503 - $5,073","6245 Wilshire Blvd, Los Angeles, CA 90048"
513,The Q Playa,"$2,681 - $4,811","5901-5921 Center Dr, Los Angeles, CA 90045"
514,Sentral DTLA at 732 S. Spring,"$2,425 - $4,150","732 S Spring St, Los Angeles, CA 90014"
515,ZEN Hollywood,"$3,750 - $3,995","1825 N Las Palmas Ave, Los Angeles, CA 90028"
516,&Pico,"$3,516 - $4,863","11916 W Pico Blvd, Los Angeles, CA 90064"
517,One Museum Square,"$4,040 - $5,750","640 S Curson Ave, Los Angeles, CA 90036"
518,The Gemma,"$2,585 - $2,750","3540 Wilshire Blvd, Los Angeles, CA 90010"
519,Ferrante,"$2,139 - $4,902","300 N Beaudry Ave, Los Angeles, CA 90012"
520,sageLA - Brand New,"$2,395 - $4,670","200 N Vermont Ave, Los Angeles, CA 90004"
521,Arya,"$4,050 - $4,200","10700 Tabor St, Los Angeles, CA 90034"
522,The Amara,"$3,145 - $3,330","11600 Santa Monica Blvd, Los Angeles, CA 90025"
523,888 at Grand Hope Park,"$2,435 - $4,350","888 S Hope St, Los Angeles, CA 90017"
524,The Residences at Lorenzo,Call for Rent,"325 W Adams Blvd, Los Angeles, CA 90007"
525,TENTEN WILSHIRE,"$2,750 - $4,095","1010 Wilshire Blvd, Los Angeles, CA 90017"
526,VOX,"$3,190 - $4,670","3333 S La Cienega Blvd, Los Angeles, CA 90016"
527,The BORA 3170,"$2,250 - $3,152","3170 W Olympic Blvd, Los Angeles, CA 90006"
528,Beaudry,"$2,925 - $7,994","960 W 7th St, Los Angeles, CA 90017"
529,Hallasan,"$3,523 - $4,358","696 S New Hampshire Ave, Los Angeles, CA 90005"
530,1223 Federal Ave,"$2,398","1223 Federal Ave, Los Angeles, CA 90025"
531,951 S. Oxford,"$1,598 - $1,698","951 S Oxford Ave, Los Angeles, CA 90006"
532,Park Wilshire,"$1,885 - $2,370","2424 Wilshire Blvd, Los Angeles, CA 90057"
533,Violet on Virgil,"$2,175 - $2,518","160 S Virgil Ave, Los Angeles, CA 90004"
534,Broadway Palace,"$2,057 - $4,044","1026 S Broadway, Los Angeles, CA 90015"
535,Linea,"$3,000 - $4,010","2435 S Sepulveda Blvd, Los Angeles, CA 90064"
536,The Landmark Los Angeles,"$5,080 - $7,990","11750 Wilshire Blvd, Los Angeles, CA 90025"
537,Circa LA,"$2,510 - $4,236","1200 S Figueroa St, Los Angeles, CA 90015"
538,Arrive Wakaba,"$2,474 - $3,324","232 E 2nd St, Los Angeles, CA 90012"
539,Ten Thousand,Call for Rent,"10000 Santa Monica Blvd, Los Angeles, CA 90067"
540,Archer,"$2,455 - $2,594","1718 N Las Palmas Ave, Los Angeles, CA 90028"
541,Lumina Hollywood,"$2,850 - $3,546","1522 Gordon St, Los Angeles, CA 90028"
542,URBANLUX FLEUR PREMIUM,"$2,350 - $2,950","1530 N Poinsettia Pl, Los Angeles, CA 90046"
543,Park Fifth,"$2,658 - $4,365","427 W 5th St, Los Angeles, CA 90013"
544,TENTEN Downtown,"$2,400 - $3,874","1027 Wilshire Blvd, Los Angeles, CA 90017"
545,Josephine DTLA,"$2,433 - $3,520","801 S Hope St, Los Angeles, CA 90017"
546,Nari Koreatown,"$2,160 - $3,520","3150 Wilshire Blvd, Los Angeles, CA 90010"
547,The Chadwick,"$1,672 - $3,468","209 S Westmoreland Ave, Los Angeles, CA 90004"
548,Palazzo East Apartments,"$3,110 - $4,182","348 S Hauser Blvd, Los Angeles, CA 90036"
549,Madrid,"$2,180 - $2,326","8655 Belford Ave, Los Angeles, CA 90045"
550,THEA at Metropolis,"$2,738 - $4,355","1000 W 8th St, Los Angeles, CA 90017"
551,AVA Toluca Hills,"$2,435 - $2,710","3600 Barham Blvd, Los Angeles, CA 90068"
552,Vision on Wilshire,"$4,503 - $5,073","6245 Wilshire Blvd, Los Angeles, CA 90048"
553,The Q Playa,"$2,681 - $4,811","5901-5921 Center Dr, Los Angeles, CA 90045"
554,Sentral DTLA at 732 S. Spring,"$2,425 - $4,150","732 S Spring St, Los Angeles, CA 90014"
555,ZEN Hollywood,"$3,750 - $3,995","1825 N Las Palmas Ave, Los Angeles, CA 90028"
556,&Pico,"$3,516 - $4,863","11916 W Pico Blvd, Los Angeles, CA 90064"
557,One Museum Square,"$4,040 - $5,750","640 S Curson Ave, Los Angeles, CA 90036"
558,The Gemma,"$2,585 - $2,750","3540 Wilshire Blvd, Los Angeles, CA 90010"
559,Ferrante,"$2,139 - $4,902","300 N Beaudry Ave, Los Angeles, CA 90012"
560,sageLA - Brand New,"$2,395 - $4,670","200 N Vermont Ave, Los Angeles, CA 90004"
561,Arya,"$4,050 - $4,200","10700 Tabor St, Los Angeles, CA 90034"
562,The Amara,"$3,145 - $3,330","11600 Santa Monica Blvd, Los Angeles, CA 90025"
563,888 at Grand Hope Park,"$2,435 - $4,350","888 S Hope St, Los Angeles, CA 90017"
564,The Residences at Lorenzo,Call for Rent,"325 W Adams Blvd, Los Angeles, CA 90007"
565,TENTEN WILSHIRE,"$2,750 - $4,095","1010 Wilshire Blvd, Los Angeles, CA 90017"
566,VOX,"$3,190 - $4,670","3333 S La Cienega Blvd, Los Angeles, CA 90016"
567,The BORA 3170,"$2,250 - $3,152","3170 W Olympic Blvd, Los Angeles, CA 90006"
568,Beaudry,"$2,925 - $7,994","960 W 7th St, Los Angeles, CA 90017"
569,Hallasan,"$3,523 - $4,358","696 S New Hampshire Ave, Los Angeles, CA 90005"
570,1223 Federal Ave,"$2,398","1223 Federal Ave, Los Angeles, CA 90025"
571,951 S. Oxford,"$1,598 - $1,698","951 S Oxford Ave, Los Angeles, CA 90006"
572,Park Wilshire,"$1,885 - $2,370","2424 Wilshire Blvd, Los Angeles, CA 90057"
573,Violet on Virgil,"$2,175 - $2,518","160 S Virgil Ave, Los Angeles, CA 90004"
574,Broadway Palace,"$2,057 - $4,044","1026 S Broadway, Los Angeles, CA 90015"
575,Linea,"$3,000 - $4,010","2435 S Sepulveda Blvd, Los Angeles, CA 90064"
576,The Landmark Los Angeles,"$5,080 - $7,990","11750 Wilshire Blvd, Los Angeles, CA 90025"
577,Circa LA,"$2,510 - $4,236","1200 S Figueroa St, Los Angeles, CA 90015"
578,Arrive Wakaba,"$2,474 - $3,324","232 E 2nd St, Los Angeles, CA 90012"
579,Ten Thousand,Call for Rent,"10000 Santa Monica Blvd, Los Angeles, CA 90067"
580,Archer,"$2,455 - $2,594","1718 N Las Palmas Ave, Los Angeles, CA 90028"
581,Lumina Hollywood,"$2,850 - $3,546","1522 Gordon St, Los Angeles, CA 90028"
582,URBANLUX FLEUR PREMIUM,"$2,350 - $2,950","1530 N Poinsettia Pl, Los Angeles, CA 90046"
583,Park Fifth,"$2,658 - $4,365","427 W 5th St, Los Angeles, CA 90013"
584,TENTEN Downtown,"$2,400 - $3,874","1027 Wilshire Blvd, Los Angeles, CA 90017"
585,Josephine DTLA,"$2,433 - $3,520","801 S Hope St, Los Angeles, CA 90017"
586,Nari Koreatown,"$2,160 - $3,520","3150 Wilshire Blvd, Los Angeles, CA 90010"
587,The Chadwick,"$1,672 - $3,468","209 S Westmoreland Ave, Los Angeles, CA 90004"
588,Palazzo East Apartments,"$3,110 - $4,182","348 S Hauser Blvd, Los Angeles, CA 90036"
589,Madrid,"$2,180 - $2,326","8655 Belford Ave, Los Angeles, CA 90045"
590,THEA at Metropolis,"$2,738 - $4,355","1000 W 8th St, Los Angeles, CA 90017"
591,AVA Toluca Hills,"$2,435 - $2,710","3600 Barham Blvd, Los Angeles, CA 90068"
592,Vision on Wilshire,"$4,503 - $5,073","6245 Wilshire Blvd, Los Angeles, CA 90048"
593,The Q Playa,"$2,681 - $4,811","5901-5921 Center Dr, Los Angeles, CA 90045"
594,Sentral DTLA at 732 S. Spring,"$2,425 - $4,150","732 S Spring St, Los Angeles, CA 90014"
595,ZEN Hollywood,"$3,750 - $3,995","1825 N Las Palmas Ave, Los Angeles, CA 90028"
596,&Pico,"$3,516 - $4,863","11916 W Pico Blvd, Los Angeles, CA 90064"
597,One Museum Square,"$4,040 - $5,750","640 S Curson Ave, Los Angeles, CA 90036"
598,The Gemma,"$2,585 - $2,750","3540 Wilshire Blvd, Los Angeles, CA 90010"
599,Ferrante,"$2,139 - $4,902","300 N Beaudry Ave, Los Angeles, CA 90012"
600,sageLA - Brand New,"$2,395 - $4,670","200 N Vermont Ave, Los Angeles, CA 90004"
601,Arya,"$4,050 - $4,200","10700 Tabor St, Los Angeles, CA 90034"
602,The Amara,"$3,145 - $3,330","11600 Santa Monica Blvd, Los Angeles, CA 90025"
603,888 at Grand Hope Park,"$2,435 - $4,350","888 S Hope St, Los Angeles, CA 90017"
604,The Residences at Lorenzo,Call for Rent,"325 W Adams Blvd, Los Angeles, CA 90007"
605,TENTEN WILSHIRE,"$2,750 - $4,095","1010 Wilshire Blvd, Los Angeles, CA 90017"
606,VOX,"$3,190 - $4,670","3333 S La Cienega Blvd, Los Angeles, CA 90016"
607,The BORA 3170,"$2,250 - $3,152","3170 W Olympic Blvd, Los Angeles, CA 90006"
608,Beaudry,"$2,925 - $7,994","960 W 7th St, Los Angeles, CA 90017"
609,Hallasan,"$3,523 - $4,358","696 S New Hampshire Ave, Los Angeles, CA 90005"
610,1223 Federal Ave,"$2,398","1223 Federal Ave, Los Angeles, CA 90025"
611,951 S. Oxford,"$1,598 - $1,698","951 S Oxford Ave, Los Angeles, CA 90006"
612,Park Wilshire,"$1,885 - $2,370","2424 Wilshire Blvd, Los Angeles, CA 90057"
613,Violet on Virgil,"$2,175 - $2,518","160 S Virgil Ave, Los Angeles, CA 90004"
614,Broadway Palace,"$2,057 - $4,044","1026 S Broadway, Los Angeles, CA 90015"
615,Linea,"$3,000 - $4,010","2435 S Sepulveda Blvd, Los Angeles, CA 90064"
616,The Landmark Los Angeles,"$5,080 - $7,990","11750 Wilshire Blvd, Los Angeles, CA 90025"
617,Circa LA,"$2,510 - $4,236","1200 S Figueroa St, Los Angeles, CA 90015"
618,Arrive Wakaba,"$2,474 - $3,324","232 E 2nd St, Los Angeles, CA 90012"
619,Ten Thousand,Call for Rent,"10000 Santa Monica Blvd, Los Angeles, CA 90067"
620,Archer,"$2,455 - $2,594","1718 N Las Palmas Ave, Los Angeles, CA 90028"
621,Lumina Hollywood,"$2,850 - $3,546","1522 Gordon St, Los Angeles, CA 90028"
622,URBANLUX FLEUR PREMIUM,"$2,350 - $2,950","1530 N Poinsettia Pl, Los Angeles, CA 90046"
623,Park Fifth,"$2,658 - $4,365","427 W 5th St, Los Angeles, CA 90013"
624,TENTEN Downtown,"$2,400 - $3,874","1027 Wilshire Blvd, Los Angeles, CA 90017"
625,Josephine DTLA,"$2,433 - $3,520","801 S Hope St, Los Angeles, CA 90017"
626,Nari Koreatown,"$2,160 - $3,520","3150 Wilshire Blvd, Los Angeles, CA 90010"
627,The Chadwick,"$1,672 - $3,468","209 S Westmoreland Ave, Los Angeles, CA 90004"
628,Palazzo East Apartments,"$3,110 - $4,182","348 S Hauser Blvd, Los Angeles, CA 90036"
629,Madrid,"$2,180 - $2,326","8655 Belford Ave, Los Angeles, CA 90045"
630,THEA at Metropolis,"$2,738 - $4,355","1000 W 8th St, Los Angeles, CA 90017"
631,AVA Toluca Hills,"$2,435 - $2,710","3600 Barham Blvd, Los Angeles, CA 90068"
632,Vision on Wilshire,"$4,503 - $5,073","6245 Wilshire Blvd, Los Angeles, CA 90048"
633,The Q Playa,"$2,681 - $4,811","5901-5921 Center Dr, Los Angeles, CA 90045"
634,Sentral DTLA at 732 S. Spring,"$2,425 - $4,150","732 S Spring St, Los Angeles, CA 90014"
635,ZEN Hollywood,"$3,750 - $3,995","1825 N Las Palmas Ave, Los Angeles, CA 90028"
636,&Pico,"$3,516 - $4,863","11916 W Pico Blvd, Los Angeles, CA 90064"
637,One Museum Square,"$4,040 - $5,750","640 S Curson Ave, Los Angeles, CA 90036"
638,The Gemma,"$2,585 - $2,750","3540 Wilshire Blvd, Los Angeles, CA 90010"
639,Ferrante,"$2,139 - $4,902","300 N Beaudry Ave, Los Angeles, CA 90012"
640,sageLA - Brand New,"$2,395 - $4,670","200 N Vermont Ave, Los Angeles, CA 90004"
641,Arya,"$4,050 - $4,200","10700 Tabor St, Los Angeles, CA 90034"
642,The Amara,"$3,145 - $3,330","11600 Santa Monica Blvd, Los Angeles, CA 90025"
643,888 at Grand Hope Park,"$2,435 - $4,350","888 S Hope St, Los Angeles, CA 90017"
644,The Residences at Lorenzo,Call for Rent,"325 W Adams Blvd, Los Angeles, CA 90007"
645,TENTEN WILSHIRE,"$2,750 - $4,095","1010 Wilshire Blvd, Los Angeles, CA 90017"
646,VOX,"$3,190 - $4,670","3333 S La Cienega Blvd, Los Angeles, CA 90016"
647,The BORA 3170,"$2,250 - $3,152","3170 W Olympic Blvd, Los Angeles, CA 90006"
648,Beaudry,"$2,925 - $7,994","960 W 7th St, Los Angeles, CA 90017"
649,Hallasan,"$3,523 - $4,358","696 S New Hampshire Ave, Los Angeles, CA 90005"
650,1223 Federal Ave,"$2,398","1223 Federal Ave, Los Angeles, CA 90025"
651,951 S. Oxford,"$1,598 - $1,698","951 S Oxford Ave, Los Angeles, CA 90006"
652,Park Wilshire,"$1,885 - $2,370","2424 Wilshire Blvd, Los Angeles, CA 90057"
653,Violet on Virgil,"$2,175 - $2,518","160 S Virgil Ave, Los Angeles, CA 90004"
654,Broadway Palace,"$2,057 - $4,044","1026 S Broadway, Los Angeles, CA 90015"
655,Linea,"$3,000 - $4,010","2435 S Sepulveda Blvd, Los Angeles, CA 90064"
656,The Landmark Los Angeles,"$5,080 - $7,990","11750 Wilshire Blvd, Los Angeles, CA 90025"
657,Circa LA,"$2,510 - $4,236","1200 S Figueroa St, Los Angeles, CA 90015"
658,Arrive Wakaba,"$2,474 - $3,324","232 E 2nd St, Los Angeles, CA 90012"
659,Ten Thousand,Call for Rent,"10000 Santa Monica Blvd, Los Angeles, CA 90067"
660,Archer,"$2,455 - $2,594","1718 N Las Palmas Ave, Los Angeles, CA 90028"
661,Lumina Hollywood,"$2,850 - $3,546","1522 Gordon St, Los Angeles, CA 90028"
662,URBANLUX FLEUR PREMIUM,"$2,350 - $2,950","1530 N Poinsettia Pl, Los Angeles, CA 90046"
663,Park Fifth,"$2,658 - $4,365","427 W 5th St, Los Angeles, CA 90013"
664,TENTEN Downtown,"$2,400 - $3,874","1027 Wilshire Blvd, Los Angeles, CA 90017"
665,Josephine DTLA,"$2,433 - $3,520","801 S Hope St, Los Angeles, CA 90017"
666,Nari Koreatown,"$2,160 - $3,520","3150 Wilshire Blvd, Los Angeles, CA 90010"
667,The Chadwick,"$1,672 - $3,468","209 S Westmoreland Ave, Los Angeles, CA 90004"
668,Palazzo East Apartments,"$3,110 - $4,182","348 S Hauser Blvd, Los Angeles, CA 90036"
669,Madrid,"$2,180 - $2,326","8655 Belford Ave, Los Angeles, CA 90045"
670,THEA at Metropolis,"$2,738 - $4,355","1000 W 8th St, Los Angeles, CA 90017"
671,AVA Toluca Hills,"$2,435 - $2,710","3600 Barham Blvd, Los Angeles, CA 90068"
672,Vision on Wilshire,"$4,503 - $5,073","6245 Wilshire Blvd, Los Angeles, CA 90048"
673,The Q Playa,"$2,681 - $4,811","5901-5921 Center Dr, Los Angeles, CA 90045"
674,Sentral DTLA at 732 S. Spring,"$2,425 - $4,150","732 S Spring St, Los Angeles, CA 90014"
675,ZEN Hollywood,"$3,750 - $3,995","1825 N Las Palmas Ave, Los Angeles, CA 90028"
676,&Pico,"$3,516 - $4,863","11916 W Pico Blvd, Los Angeles, CA 90064"
677,One Museum Square,"$4,040 - $5,750","640 S Curson Ave, Los Angeles, CA 90036"
678,The Gemma,"$2,585 - $2,750","3540 Wilshire Blvd, Los Angeles, CA 90010"
679,Ferrante,"$2,139 - $4,902","300 N Beaudry Ave, Los Angeles, CA 90012"
